{
    "playerDash": {
        "maxSpeed": 1.7999999523162842,
        "rotaSpeed": 0.30000001192092896
    }
}
