{
    "smokeParticle": {
        "alpha": 0.699999988079071,
        "color": [
            0.30000001192092896,
            1.0,
            1.0
        ],
        "endScale": 0.4000000059604645,
        "liveTime": 30,
        "randPos": 1.0,
        "randVel": 0.4000000059604645,
        "randVelY": 0.0,
        "speed": 0.019999999552965164,
        "startScale": 0.800000011920929
    }
}
